MoleculeId,PredictedProbability
1,0.915
2,0.8162807219662058
3,0.587025964743821
4,0.9753957610433743
5,0.13624988959418727
6,0.6497616323417239
7,0.9428801557233407
8,0.7312348932399227
9,0.910452617518919
10,0.4460293513957307
11,0.2663888888888889
12,0.6286122538260394
13,0.622511671847127
14,0.65875
15,0.42851851851851847
16,0.07823470025237773
17,0.3462379048779558
18,0.4204535422371085
19,0.5013349858025473
20,0.945
21,0.12556806488025407
22,0.9519444444444445
23,0.8157608589027205
24,0.9408889834869808
25,0.81
26,0.597887689697686
27,0.1666606921833093
28,0.3745816191193094
29,0.1245368758600482
30,0.5430251745684869
31,0.25467718555296665
32,0.07495213709288047
33,0.7693398793225343
34,0.4444345944354536
35,0.47179960742277977
36,0.8709858559368254
37,0.9035416666666667
38,0.8401267373841067
39,0.8950909964579107
40,0.8140000000000001
41,0.43409362033615545
42,0.10525859980564467
43,0.7681270499493561
44,0.8352294815157549
45,0.06674566069487581
46,0.572316003588271
47,0.636605596436581
48,0.5462639304281273
49,0.6690804035242792
50,0.7017475657051675
51,0.7998068387308893
52,0.059003162317071055
53,0.910946823504267
54,0.12417052796326722
55,0.06200445924640545
56,0.7693683350428242
57,0.9547968499762353
58,0.9926636842663064
59,0.9819672745555097
60,0.6676251976284584
61,0.7047236212419269
62,0.6996910774217493
63,0.5042071752744159
64,0.1438758752591857
65,0.8161455624627011
66,0.3763586882540569
67,0.4860714285714286
68,0.2686343031639685
69,0.22641813662723714
70,0.39616332903549634
71,0.858612820799482
72,0.7759166666666667
73,0.8821991669077625
74,0.8171303389153873
75,0.2253987068965517
76,0.37949847534222536
77,0.9399382716049383
78,0.43823781191768757
79,0.8802129295402321
80,0.39672708875999946
81,0.11656857622881964
82,0.1639893515815076
83,0.06987194423941676
84,0.1442130390254471
85,0.7332361086661859
86,0.4289287173153346
87,0.32546875
88,0.94
89,0.9817923575679568
90,0.5409153370753578
91,0.5329600864550739
92,0.5968142153749441
93,0.25247965571108255
94,0.15733892846806882
95,0.8391666666666666
96,0.10619345238095237
97,0.6966198634043813
98,0.9496491228070175
99,0.8563352272727272
100,0.7482392677603978
101,0.2731349720272468
102,0.9130194610433349
103,0.40296001483977556
104,0.25776288679938075
105,0.15797265909280114
106,0.13549306983922946
107,0.6206716563925626
108,0.5074049830799999
109,0.9198820571316536
110,0.0071910174295755315
111,0.6713282102943496
112,0.6602776179516685
113,0.030651688653057247
114,0.2638429610945515
115,0.8667225550749486
116,0.07016965756866064
117,0.9112814957280463
118,0.2906609589041096
119,0.5613319283182198
120,0.10015747037837759
121,0.3794208964745311
122,0.04433002434466395
123,0.9005428009478333
124,0.40725846720438263
125,0.33864303115348365
126,0.4602003099500904
127,0.46783149642884153
128,0.599063700730956
129,0.12068031302298556
130,0.10082894769479944
131,0.08090148928696397
132,0.373040836730496
133,0.052902170162879826
134,0.8783014149364269
135,0.7491666666666665
136,0.8849422139615184
137,0.2204628948836062
138,0.6949057262388336
139,0.7879560237966562
140,0.8434420340856877
141,0.650450886121217
142,0.8941666666666666
143,0.7758636709467858
144,0.290017889866765
145,0.9306125477688909
146,0.1321058138828496
147,0.7319098801346108
148,0.9079362026296635
149,0.6657984890843922
150,0.42866959056022474
151,0.03846517525533201
152,0.7074794919552982
153,0.6212177302203411
154,0.9886830678469264
155,0.7083863325063802
156,0.7291351675983142
157,0.8321527535652975
158,0.8919703228869895
159,0.575
160,0.0044002184544633845
161,0.2623579545454545
162,0.17561777679174675
163,0.12635164857603917
164,0.9862663253506707
165,0.9463438689817109
166,0.5904621435594887
167,0.6561696510190935
168,0.6637443246305486
169,0.44994682328604063
170,0.9247560975609755
171,0.980341788372635
172,0.7622526407450866
173,0.717313700035875
174,0.6782225988872507
175,0.10267766836963046
176,0.7327976504273783
177,0.34485552227131927
178,0.391411647497369
179,0.5323546847888952
180,0.07116663203915995
181,0.37597794811212326
182,0.8202402239337759
183,0.5790747637881783
184,0.11054679259787459
185,0.8038966049382715
186,0.443762946493734
187,0.5518193184454958
188,0.36026698754888287
189,0.9294554264413687
190,0.27469827586206896
191,0.07075537891792487
192,0.9446148148148148
193,0.10273653940029044
194,0.5983666047662787
195,0.9711165894448088
196,0.4194063146860505
197,0.968007235841472
198,0.41895202050542674
199,0.7497231638832146
200,0.21005669733317106
201,0.9159503314666331
202,0.12407816391523349
203,0.30900119174729496
204,0.2665350416655377
205,0.9159882854011989
206,0.6095454545454545
207,0.5977018849206349
208,0.9319897959183673
209,0.5946205749453841
210,0.15452773061917954
211,0.8090605375017139
212,0.9093157318439242
213,0.8278913817850377
214,0.005
215,0.3835201014901053
216,0.7807332701805766
217,0.5122421869173455
218,0.5704256311438817
219,0.46
220,0.15319822982956624
221,0.8059809490805725
222,0.2675667211404695
223,0.23372301142739282
224,0.9813270039023457
225,0.4503742052027161
226,0.41575
227,0.17498300941624417
228,0.841446348573899
229,0.16710073963373812
230,0.8230825864276567
231,0.6104328923281868
232,0.958787935958642
233,0.8779035155578508
234,0.48199541403592144
235,0.6457071253356141
236,0.7588292298657302
237,0.5765362147795026
238,0.1866056910612155
239,0.9085353272694127
240,0.838528398074201
241,0.19983320440946575
242,0.04555576880470842
243,0.8550318050074539
244,0.64
245,0.879
246,0.7138060644382711
247,0.171574343584523
248,0.20097922642316818
249,0.8999580168935006
250,0.18332262010419928
251,0.31761942109921437
252,0.4726141598977488
253,0.53
254,0.7396551724137932
255,0.982842464579102
256,0.4769855989468249
257,0.1629834971229889
258,0.4357142857142857
259,0.4322868589743589
260,0.0375404631795233
261,0.435
262,0.2583618414395026
263,0.1569047619047619
264,0.6245188940203259
265,0.18835240319103785
266,0.8011614832910028
267,0.8692746426707657
268,0.21796559732294604
269,0.8301912061194047
270,0.961765273219641
271,0.9747694257348297
272,0.8955183035195435
273,0.7384740086996979
274,0.23446354511471093
275,0.3291613118470015
276,0.2770195535189304
277,0.8103935022212532
278,0.5488324918016663
279,0.7187982134030065
280,0.5885089582410279
281,0.08852869228935002
282,0.9007668935400921
283,0.894771071170152
284,0.028956786620813104
285,0.7711407347612704
286,1.0
287,0.9755905447309755
288,0.6836498374842637
289,0.8969875678357928
290,0.3275948930296756
291,0.2734207053011339
292,0.22411301130811856
293,0.39461859078445327
294,0.8815751841681447
295,0.03315172697708193
296,0.2924047619047619
297,0.033232868288178806
298,0.762714744803177
299,0.8755704263077061
300,0.79
301,0.9596148648648648
302,0.3538486861273404
303,0.8067785099828777
304,0.6818062851782364
305,0.9239382716049382
306,0.8260094038985731
307,0.3794844322344322
308,0.759131310624443
309,0.4157598664549702
310,0.88
311,0.8579749059337357
312,0.5175809041501976
313,0.5926986842105263
314,0.09153945856443693
315,0.9185966926621772
316,0.5091201087535985
317,0.8847801519468186
318,0.15645918233230113
319,0.3593268033841437
320,0.11794463078889167
321,0.3426337244997679
322,0.7774221772659436
323,0.9506532453071277
324,0.4402906796164528
325,0.2430721094827945
326,0.8423018625943017
327,0.9757869158113404
328,0.7428304447544953
329,0.23646699890132603
330,0.890884776227833
331,0.7094623053510264
332,0.6590898348779429
333,0.47
334,0.35858105831573567
335,0.9172674339835342
336,0.6953749649655262
337,0.9017664777180404
338,0.06616026143685674
339,0.053626231057697434
340,0.97
341,0.9144584380749792
342,0.8572717390675345
343,0.1116667254283532
344,0.4021892522677415
345,0.8062906189555126
346,0.881840609038433
347,0.23575
348,0.5446665626948662
349,0.3543788924861576
350,0.6169426931857273
351,0.36188986284190255
352,0.8365384615384616
353,0.828459677429178
354,0.20776137484567658
355,0.5985326069095421
356,0.10080043859649124
357,0.7696560323778654
358,0.2517238246759153
359,0.12555244726370673
360,0.9365460785942417
361,0.5728701975912363
362,0.5369778601569682
363,0.8510145212048651
364,0.46414068955341337
365,0.8161327901168031
366,0.9478734636775
367,0.7098009839995967
368,0.4446971521823022
369,0.08765266407798036
370,0.16409775310763405
371,0.7823354469962814
372,0.29778347486443413
373,0.5313858363858364
374,0.0375
375,0.40539686676131403
376,0.9618465857813685
377,0.42926804479890784
378,0.49437163965977526
379,0.8941916759556315
380,0.16245153221076378
381,0.9747630165001057
382,0.7949903549382715
383,0.9467543231682466
384,0.16979243062341973
385,0.9755309321699953
386,0.5979407440399395
387,0.1991592798148963
388,0.08586015756068271
389,0.019964027659087183
390,0.9178884372177055
391,0.7810714285714286
392,0.6642176945327679
393,0.8278144078144077
394,0.7235174643341469
395,0.714072607016184
396,0.0840949221906278
397,0.6209433242481339
398,0.2862619786127851
399,0.7337274591099274
400,0.8492385988685303
401,0.8541677934476151
402,0.5304166666666666
403,0.10524771401900507
404,0.982092567474982
405,0.4578335632703903
406,0.14009274076849082
407,0.9769213798754265
408,0.5504211846854611
409,0.3961396409442656
410,0.4925543149484325
411,0.5791197696420911
412,0.9857731175102067
413,0.7649367088607595
414,0.37647907274721504
415,0.9087952117613122
416,0.8027818623459682
417,0.4249591250104882
418,0.4661657651712617
419,0.3349721693818685
420,0.3319431412227906
421,0.23775588063253392
422,0.4973816994201245
423,0.8443925563683449
424,0.68
425,0.7400549100994043
426,0.18818735550897667
427,0.636971571781317
428,0.609262987941271
429,0.8076657278001805
430,0.2933836846537641
431,0.6683376401467979
432,0.7023498123547073
433,0.5492025122982158
434,0.14950472761789835
435,0.505
436,0.05547069682133975
437,0.4856349206349207
438,0.6379395744953906
439,0.01886204870576732
440,0.30849761451783503
441,0.8080414979757086
442,0.8485208927996639
443,0.9044827586206897
444,0.06642101669963991
445,0.9528150726469188
446,0.9384551958653653
447,0.4160087470001263
448,0.08630981390723201
449,0.06604214977921875
450,0.941876632336475
451,0.7430814452659037
452,0.5823486849342742
453,0.5255477950542439
454,0.727346987377947
455,0.5813909572267726
456,0.8693333333333334
457,0.2327833972861466
458,0.6009017094017094
459,0.12054238630324349
460,0.66
461,0.6947206338016478
462,0.8262370103094918
463,0.8243662893662893
464,0.8927746220349843
465,0.7410054563492062
466,0.4574350602043867
467,0.3624421322705223
468,0.5161111111111112
469,0.5748606218183868
470,0.29326895198357833
471,0.11289430190344224
472,0.925933211115384
473,0.2403641691545026
474,0.325
475,0.4899946409888079
476,0.2832317118097295
477,0.7190542921395671
478,0.3881741879223894
479,0.41910499285441793
480,0.20940769579331187
481,0.195
482,0.08400224168130502
483,0.5876675505277518
484,0.8243902020747987
485,0.13954830507536647
486,0.7379513304019167
487,0.6912222735423283
488,0.37004914536814515
489,0.7242428021869434
490,0.4271738310087106
491,0.01621156918973599
492,0.7509807156027003
493,0.5601900529960371
494,0.9623781937017231
495,0.435
496,0.8788034045340158
497,0.415
498,0.3372273471607925
499,0.2919184344091619
500,0.27646570143074145
501,0.7793881118881119
502,0.71
503,0.46944477668175344
504,0.2310755803806744
505,0.7747222222222223
506,0.5795769230769231
507,0.3583283763213438
508,0.2303012654747509
509,0.615
510,0.2217549835584359
511,0.974571926564141
512,0.8495510992275698
513,0.440832009681218
514,0.8602769654824262
515,0.879602223728571
516,0.2890954321861782
517,0.6377213128825198
518,0.04714732382158142
519,0.4789087021175345
520,0.9446413212294383
521,0.7668157300606246
522,0.9542476190476191
523,0.7513839267462145
524,0.4901514755766621
525,0.5922736738754102
526,0.11743906810035842
527,0.7594154461613258
528,0.66
529,0.0525235881771607
530,0.33029417261471317
531,0.5846937460593465
532,0.06401733460246732
533,0.622619954360957
534,0.11987149606268961
535,0.47307583542464704
536,0.02246959146045234
537,0.9895774529703101
538,0.27601769911504426
539,0.9258955219234108
540,0.21582801606995156
541,0.23050432679152685
542,0.13647220623169593
543,0.5231580660309756
544,0.7472251508808205
545,0.8911967594792045
546,0.5942010060713518
547,0.9435788985408461
548,0.5258333333333333
549,0.9419038068371011
550,0.9057728226131494
551,0.46770592866438826
552,0.30511771337322807
553,0.25525183497741455
554,0.3760621429677517
555,0.05125
556,0.8940711039278384
557,0.6124032362777377
558,0.6991567295367095
559,0.6979256274168946
560,0.9748035015139179
561,0.9885600866802566
562,0.7292857142857143
563,0.6359381558620507
564,0.399877535293219
565,0.5372875000888082
566,0.4077415458937198
567,0.36682959323692055
568,0.6969308304043943
569,0.913878972381566
570,0.3857142857142857
571,0.5087069330601802
572,0.8922563746021513
573,0.1012626874823746
574,0.8296065115440114
575,0.33361170236454946
576,0.7653273567399006
577,0.7674945635224213
578,0.30833823740467564
579,0.5215858809332261
580,0.27419377410157086
581,0.6748684210526315
582,0.9766368938942632
583,0.05241116836288905
584,0.8573262680052478
585,0.8266115663997019
586,0.7988028693491952
587,0.9261763888888888
588,0.3181221870301506
589,0.2079229909290142
590,0.7938587807557144
591,0.7694204614578717
592,0.03214311685386363
593,0.9780265985107417
594,0.8611021144774723
595,0.8524583693708015
596,0.29684255993241904
597,0.1868112326633694
598,0.9603508134261552
599,0.9759162216516066
600,0.2154152703106705
601,0.11982867998753986
602,0.8130079954836442
603,0.8572535685127236
604,0.6630067472864221
605,0.7328333333333333
606,0.3690191780329997
607,0.8965096205905624
608,0.10318681650064836
609,0.07920624480358994
610,0.40030511060259344
611,0.609899395996152
612,0.9791447565436758
613,0.3626096646012472
614,0.8220346687471505
615,0.9816274653366083
616,0.5242828049595214
617,0.38101993373169973
618,0.9219444444444445
619,0.016435185185185185
620,0.6549206349206349
621,0.48647919413160673
622,0.9199757164404443
623,0.4242334219379193
624,0.42568798827494475
625,0.13750458838770044
626,0.9080994811700842
627,0.16260280726516776
628,0.8298648648648649
629,0.22645116702719384
630,0.1228891803221303
631,0.17393228015597356
632,0.35234720623836063
633,0.9790892846616118
634,0.7307370772016085
635,0.892390724488736
636,0.9109315990295629
637,0.9894867724867725
638,0.355
639,0.4913083155882305
640,0.5867335850424085
641,0.43752177966618355
642,0.26143335200193957
643,0.1057736982950407
644,0.1277796804336753
645,0.3248649391407936
646,0.415
647,0.04875873431741607
648,0.8634857253086419
649,0.6041732618172448
650,0.8029512486283591
651,0.8742757332121636
652,0.05565284178187404
653,0.39860235493211066
654,0.1937254855889724
655,0.3226860926807369
656,0.927303933835505
657,0.597002407920517
658,0.43764705882352944
659,0.8394444444444444
660,0.11131566415614216
661,0.32432440902318116
662,0.7777212092446046
663,0.27752554134863433
664,0.8731032642839048
665,0.7980789878847984
666,0.07898052984415753
667,0.4387295590548866
668,0.6628905001973407
669,0.4678053449247901
670,0.5711291833542533
671,0.34898315472501723
672,0.9233203001886454
673,0.45197529481508253
674,0.6098963032581453
675,0.9559680704224383
676,0.2828997577622997
677,0.12731842906840837
678,0.21223809523809525
679,0.68
680,0.0302517471423045
681,0.3961257649492688
682,0.4629409331029026
683,0.14128681721842098
684,0.5706372630234696
685,0.7345744680851064
686,0.21892199567494408
687,0.18111764585307458
688,0.713434772919929
689,0.09812000796766236
690,0.728955176966798
691,0.6056405625398622
692,0.6722832138315903
693,0.8009132514952367
694,0.8698140065911931
695,0.1302949205548105
696,0.7890395180558106
697,0.8352919237280916
698,0.4490481105112734
699,0.9351385607949791
700,0.6683289723012777
701,0.3969151797556257
702,0.3065510328345819
703,0.7820611001274886
704,0.5965384615384615
705,0.6179056776556776
706,0.3726191413425707
707,0.555
708,0.6918160448760264
709,0.8817225550749486
710,0.8655938106963182
711,0.05707223022896371
712,0.8763095238095238
713,0.47042973866581306
714,0.4161206690452193
715,0.7253693928822632
716,0.8929118265479762
717,0.3166846871172198
718,0.9454323744392984
719,0.8032424233572941
720,0.6422916666666666
721,0.9524803658930806
722,0.8152414476837058
723,0.981946726912827
724,0.42656683227257164
725,0.557
726,0.027961875406893818
727,0.3395465591039249
728,0.1196271668036927
729,0.04042967171797433
730,0.4785863487777038
731,0.5598443083971751
732,0.700228830750138
733,0.8676395604395606
734,0.26777118146111284
735,0.19616666666666663
736,0.3776738377205626
737,0.07785718470193327
738,0.5285888354474357
739,0.93
740,0.8228134713061489
741,0.7932406423791712
742,0.46190438509144505
743,0.3232290092669415
744,0.7799062605216309
745,0.6102630677683102
746,0.09145353784367359
747,0.416600329105394
748,0.8
749,0.6249037655955616
750,0.5396646979624374
751,0.09712798554494802
752,0.9688029518632443
753,0.7336656685963606
754,0.7572539682539682
755,0.7202066869605781
756,0.5387075171205471
757,0.9123608681143068
758,0.5653055835202171
759,0.9890547103361708
760,0.8135644520166067
761,0.8983814387299358
762,0.5678453980339523
763,0.9667379510967842
764,0.9231283649553055
765,0.6186571354580903
766,0.1593452380952381
767,0.47639668838245697
768,0.9176013133208255
769,0.5873789519670076
770,0.8647781474386511
771,0.045705855537228654
772,0.30188844422007327
773,0.2939104729474915
774,0.40075480218457604
775,0.9786538461538461
776,0.9737319526125426
777,0.4053333865646629
778,0.8094298245614034
779,0.403020352895143
780,0.8029604191867705
781,0.3655597080764764
782,0.6745945945945945
783,0.10521296812634873
784,0.7944526829759387
785,0.07071009690542246
786,0.9892372207467822
787,0.915
788,0.7625
789,0.22505152492006936
790,0.08847012166627398
791,0.24755784519406418
792,0.07658810010652299
793,0.175
794,0.24005757900411506
795,0.6410666666666666
796,0.7293990538558878
797,0.78280813010638
798,0.4985714285714286
799,0.6628428049579164
800,0.9740275490411489
801,0.24451842260379275
802,0.6625
803,0.5865459651947132
804,0.9704691100651891
805,0.5360611252845233
806,0.47742311196096493
807,0.422908778213863
808,0.21289523261447088
809,0.33214520735046243
810,0.34089440302668317
811,0.8214177785025197
812,0.5617338428452308
813,0.531
814,0.9518077306342794
815,0.13611356760405655
816,0.86
817,0.06779991716617113
818,0.9049580272329993
819,0.46591582491582484
820,0.7437685560053982
821,0.04010547616068875
822,0.6083349190492047
823,0.01201960414568634
824,0.1953769363583142
825,0.39726533597055963
826,0.8791570216049382
827,0.5653645833333333
828,0.9558400550914378
829,0.6395520797302026
830,0.9400038700006504
831,0.8421867167919799
832,0.927651341378156
833,0.3204585152838428
834,0.855
835,0.3712586112717692
836,0.8265015314434669
837,0.7214481348593773
838,0.25072935405776653
839,0.4698982937196451
840,0.467957552183336
841,0.6527105520289928
842,0.12227527779245709
843,0.021841442713621824
844,0.2980614128973587
845,0.9295094035585015
846,0.6207264426019224
847,0.7558220821580166
848,0.49217249005490016
849,0.19563703788959333
850,0.2827472384377963
851,0.8365005737768947
852,0.9905019245173122
853,0.9763066666007585
854,0.19900926319855977
855,0.8196415161305544
856,0.48816865416498767
857,0.5597849844015649
858,0.8774889474589374
859,0.4438912660159105
860,0.0962927430098334
861,0.8773339459629781
862,0.8921390512986814
863,0.7206777170715578
864,0.5583414667737763
865,0.30455709180921564
866,0.33890637132885365
867,0.7426988196988197
868,0.7038648648648649
869,0.8299371207648424
870,0.663329676608017
871,0.4647215615454596
872,0.6421180555555556
873,0.8138612217191792
874,0.43933467991932823
875,0.7470170840839517
876,0.45150892857142855
877,0.3958737895636132
878,0.948057834870685
879,0.8013199961623815
880,0.30819215120232657
881,0.571965320358715
882,0.6358602006495696
883,0.7688733318551775
884,0.05104454911518385
885,0.15
886,0.11613039713621888
887,0.534436252266337
888,0.7869087086174796
889,0.1328553083239783
890,0.29023364904233095
891,0.15453484413798704
892,0.13112042501066298
893,0.981794493633222
894,0.4353852420121961
895,0.8050674287258763
896,0.40477463660689206
897,0.6981789637911785
898,0.438514249339365
899,0.1595367934711802
900,0.8732603789697936
901,0.032071349447693256
902,0.5891666666666666
903,0.17314203920282506
904,0.9793399014778325
905,0.961973579350489
906,0.38140647879648687
907,0.36467509484653976
908,0.717369064572972
909,0.9738571428571429
910,0.34181886350832846
911,0.3469583333333333
912,0.7323907106731786
913,0.9582242136170709
914,0.16903484413798706
915,0.8648600010229771
916,0.8337035278146583
917,0.22487993172347842
918,0.4884148219505362
919,0.43497829036635005
920,0.058608259300854
921,0.40617039033685737
922,0.9241846689895471
923,0.14517259162758758
924,0.5044
925,0.9733424696617112
926,0.36703591663582275
927,0.4030389126260326
928,0.15238898162844083
929,0.00868593274017767
930,0.752848760693864
931,0.041979885552222075
932,0.22841141672701312
933,0.05585102634471983
934,0.9375756428944352
935,0.509305299665241
936,0.08699554944771533
937,0.9804600396166313
938,0.5775423989558055
939,0.9803676116978246
940,0.22081609468545943
941,0.5550517256536193
942,0.4233977175886109
943,0.009505592182902128
944,0.2190003919232451
945,0.6006556662640741
946,0.6454967948717949
947,0.2557769710196321
948,0.7178062112392359
949,0.30439206819097187
950,0.5141389574389743
951,0.90621342047073
952,0.2515415436213106
953,0.35450477857729346
954,0.09383993328083422
955,0.3119901570787434
956,0.11637921568937237
957,0.7635290570716132
958,0.5678846324029186
959,0.20716650686972604
960,0.07016666666666667
961,0.6459555876995605
962,0.6820811287477955
963,0.7022244318181818
964,0.6893545534924845
965,0.16502950588837684
966,0.6774881281067299
967,0.24992165938913355
968,0.8318836370375634
969,0.3218631477661484
970,0.11146755779893704
971,0.3070904475256919
972,0.3262740131732009
973,0.8949122782061333
974,0.8886058972814875
975,0.8553530173711472
976,0.6262978545996275
977,0.9633345433345433
978,0.293210152757308
979,0.9688068181818181
980,0.2523957537706407
981,0.31346973845679144
982,0.13767821608359157
983,0.7060839630745138
984,0.8803450380364128
985,0.5055818495897353
986,0.09243119473775488
987,0.6279186187816699
988,0.6943279683864566
989,0.23847227808713461
990,0.54
991,0.8399587637241658
992,0.36705451269202427
993,0.7407345974145279
994,0.1614167594038613
995,0.39864961965798895
996,0.7894428420076123
997,0.46
998,0.1820079152134279
999,0.6579643970555807
1000,0.4737711709007711
1001,0.17834551779837035
1002,0.7412465390529555
1003,0.9653244678966906
1004,0.5614614672750455
1005,0.6804457496594211
1006,0.0242349024172228
1007,0.7637090727303492
1008,0.9430811202686202
1009,0.45869829598506073
1010,0.11468062228202379
1011,0.4789283873925281
1012,0.23213647247025815
1013,0.2172770048436086
1014,0.404616199037076
1015,0.255
1016,0.9022102206449979
1017,0.3825
1018,0.8237543434958936
1019,0.8800122493146193
1020,0.2692057762633153
1021,0.41127316689158794
1022,0.0768552870643207
1023,0.7049272917363305
1024,0.86
1025,0.8857777777777777
1026,0.45526267632571527
1027,0.35108656632087687
1028,0.14546380687835408
1029,0.8496750629392369
1030,0.97
1031,0.7804651027077497
1032,0.36367947635818537
1033,0.8794529488782357
1034,0.06952716948936528
1035,0.704323906078075
1036,0.10229243062341974
1037,0.42108254465594347
1038,0.7108590723890515
1039,0.5673854489256928
1040,0.1814516129032258
1041,0.337325188653107
1042,0.9344076394506186
1043,0.9548671608063741
1044,0.439408705871949
1045,0.47
1046,0.9387220650246448
1047,0.9808483450604403
1048,0.5190602168182161
1049,0.33466666666666667
1050,0.9733216783216783
1051,0.11386887053665007
1052,0.49228604661107506
1053,0.9886165402641535
1054,0.8394859645027377
1055,0.8883021178836252
1056,0.91
1057,0.05770222080290966
1058,0.8087654268271366
1059,0.145381916215906
1060,0.6485467405344744
1061,0.4235425871984658
1062,0.36644099494083976
1063,0.8788690476190476
1064,0.2581717283374295
1065,0.5313536866359447
1066,0.4160138341889564
1067,0.8042681423391036
1068,0.6929324980574978
1069,0.385
1070,0.27120704165107606
1071,0.3698554314537921
1072,0.8204996154847105
1073,0.9869434361860117
1074,0.9543864294714346
1075,0.8002180002288886
1076,0.8307857104839341
1077,0.9003248909173691
1078,0.32
1079,0.7287159499926018
1080,0.9660433797205179
1081,0.5694838007736944
1082,0.44570107975110973
1083,0.6030178063946987
1084,0.7842595567995039
1085,0.1955045076429369
1086,0.45429807252345
1087,0.22283398530444404
1088,0.9959782467532468
1089,0.8875258521602593
1090,0.4305157766239608
1091,0.555
1092,0.9742798382647263
1093,0.8708993937447137
1094,0.8933726226849242
1095,0.9406261186553532
1096,0.5576369869431469
1097,0.8277193435928106
1098,0.3896321694509377
1099,0.26895855141832137
1100,0.9326810168443369
1101,0.01719101742957553
1102,0.8464010820476693
1103,0.8410517659839278
1104,0.27771396514655744
1105,0.3221779645083144
1106,0.8157786306739068
1107,0.29580706426685877
1108,0.3002080277716287
1109,0.07481546736714838
1110,0.5825730208617729
1111,0.16204941366334422
1112,0.8331265506278106
1113,0.8071086270089356
1114,0.32879152063371675
1115,0.7035079365079366
1116,0.04747879572240867
1117,0.5646818181818182
1118,0.1986542205256933
1119,0.15806634560825336
1120,0.475714523866533
1121,0.5001439619709513
1122,0.38265553733953844
1123,0.8200838374967474
1124,0.31056733230926786
1125,0.21937333701628836
1126,0.9578430792926518
1127,0.11203742442129075
1128,0.6321587689171482
1129,0.4294085152838428
1130,0.09156911255720673
1131,0.16919259018928018
1132,0.6664068719050733
1133,0.8268781032230997
1134,0.6996272318715334
1135,0.405
1136,0.18134492695661733
1137,0.6034076411429594
1138,0.25520366043818693
1139,0.615
1140,0.37053656392440215
1141,0.4806966949714393
1142,0.3341778145610978
1143,0.405
1144,0.5804928615501763
1145,0.7091151201653753
1146,0.913483435207388
1147,0.6085482654600302
1148,0.275978006514205
1149,0.6168621476873103
1150,0.9770278342984432
1151,0.5980622057887175
1152,0.6059360050369342
1153,0.5360410611434792
1154,0.71943213707978
1155,0.8771791247303802
1156,0.7453487344297443
1157,0.052706738881539865
1158,0.4121654426954177
1159,0.047067765689091524
1160,0.8437565155602011
1161,0.4415843110532679
1162,0.6930555555555555
1163,0.9350418034346606
1164,0.2610729237040987
1165,0.7186698717948716
1166,0.34947818587916907
1167,0.9014441764617522
1168,0.035635484471822645
1169,0.9071960086695771
1170,0.08103086078086079
1171,0.9805359803998118
1172,0.6080371891870954
1173,0.26431967875109147
1174,0.5339241068837163
1175,0.904824942780272
1176,0.12652787855915937
1177,0.6499226719300892
1178,0.6444425030965687
1179,0.42708906962661236
1180,0.1635615352072573
1181,0.9653289239688015
1182,0.9203399508980076
1183,0.9173939245234144
1184,0.04576881707018737
1185,0.8457190993599307
1186,0.24049254158840203
1187,0.3251217704675651
1188,0.12378795467639075
1189,0.9544336388908041
1190,0.4282263716478699
1191,0.22897093304858276
1192,0.5660631577825969
1193,0.9831995286985807
1194,0.3401400161379642
1195,0.7587086089572808
1196,0.056000456399784494
1197,0.8517111568986567
1198,0.842489391713643
1199,0.9988068181818182
1200,0.5107636920531138
1201,0.7167515723270441
1202,0.6678605878605879
1203,0.988831530670259
1204,0.5120686092508284
1205,0.4209669467787115
1206,0.8777380952380953
1207,0.4366690716846524
1208,0.8217474536747068
1209,0.07392315125050607
1210,0.9483667718003346
1211,0.2884467739598041
1212,0.5982070372156578
1213,0.06962984816710445
1214,0.666440236446807
1215,0.7496864165143683
1216,0.6153622403296576
1217,0.1161821805397123
1218,0.9422921553758873
1219,0.4696509648246232
1220,0.456446047008547
1221,0.5862180658216464
1222,0.8689569541986303
1223,0.6805844199258019
1224,0.3871738310087106
1225,0.8788886693017127
1226,0.51
1227,0.6532092080779761
1228,0.7614090329117961
1229,0.8442432781137892
1230,0.5944565841241093
1231,0.93775333000333
1232,0.6472774209860214
1233,0.9954732104839341
1234,0.4451337338933744
1235,0.2575520959034283
1236,0.2984564858463711
1237,0.26935414328041296
1238,0.8128320372616904
1239,0.7686151119970585
1240,0.3311171309130478
1241,0.9732242136170709
1242,0.0923787383145342
1243,0.22876032543881705
1244,0.026707018528512178
1245,0.8111399513275943
1246,0.26419513424227276
1247,0.10834634484278617
1248,0.18868621893580897
1249,0.8754734848484848
1250,0.49700386676814967
1251,0.22121968683660317
1252,0.3649174691190491
1253,0.6990780141843972
1254,0.33188790439894766
1255,0.7340031081252028
1256,0.3305882352941177
1257,0.4362385531135531
1258,0.3042964911234291
1259,0.7031135626699142
1260,0.9210627123103307
1261,0.7786036861536475
1262,0.9373216788241122
1263,0.6519670274996853
1264,0.5388461538461539
1265,0.9649234784474483
1266,0.9535631503730277
1267,0.9381773649810508
1268,0.752749755342251
1269,0.19940760110804856
1270,0.1802847878829982
1271,0.2265871016703725
1272,0.9723474670150064
1273,0.8081934308397019
1274,0.613
1275,0.7602979578169602
1276,0.365924705509255
1277,0.9972156350776005
1278,0.8579328199988064
1279,0.8159077308942816
1280,0.8931754385964914
1281,0.909621580458264
1282,0.8569280575215887
1283,0.6504345842646805
1284,0.062333706912592594
1285,0.5933197330787199
1286,0.5740709200295143
1287,0.4647079055837952
1288,0.2803071075307892
1289,0.7259166666666667
1290,0.9521386178157561
1291,0.9030641632600956
1292,0.23645168912033973
1293,0.07188067185330875
1294,0.9590396825396824
1295,0.5434936827475919
1296,0.3313201126406834
1297,0.06593085868507816
1298,0.5450189393939394
1299,0.9760751900154863
1300,0.39656522803029326
1301,0.45794845518285454
1302,0.10249050746203774
1303,0.8339610978925188
1304,0.5165
1305,0.4465767511326486
1306,0.8442527086757119
1307,0.8888148148148147
1308,0.8121339528588885
1309,0.8939815742755985
1310,0.853087058292219
1311,0.7100096916020222
1312,0.8933850628323693
1313,0.4501318062033426
1314,0.88
1315,0.4959036590588166
1316,0.9441096538599001
1317,0.6971928885089835
1318,0.2179298226362421
1319,0.08540456704907831
1320,0.3998998887652948
1321,0.5511220316322326
1322,0.4078925208498424
1323,0.22574016682375564
1324,0.8188756487855758
1325,0.4595578329838429
1326,0.9376977476504655
1327,0.506692120140285
1328,0.14415109656445652
1329,0.09373189095387371
1330,0.6440644875891138
1331,0.420797096908939
1332,0.6329920107566024
1333,0.8977527065527064
1334,0.6357207642491438
1335,0.7066288344110268
1336,0.6021904761904762
1337,0.23666954488811412
1338,0.27071295229390435
1339,0.8552601348702267
1340,0.35219145494623905
1341,0.8622977334753159
1342,0.959647973017444
1343,0.8784127886002885
1344,0.8455055631434654
1345,0.8713351437229222
1346,0.9826230571167188
1347,0.20653846153846153
1348,0.9746296296296296
1349,0.5250892069646743
1350,0.8942507164428537
1351,0.9268321151264779
1352,0.35869996491320066
1353,0.7493444193154929
1354,0.875357257368533
1355,0.8471001910620051
1356,0.26459712328640256
1357,0.43764705882352944
1358,0.24001767654346742
1359,0.20199793105642116
1360,0.9191812933356286
1361,0.97
1362,0.540901260795016
1363,0.5272351823708207
1364,0.7084221190002047
1365,0.94481104758619
1366,0.7630566039582662
1367,0.7012716145211368
1368,0.845
1369,0.9274939859134764
1370,0.5387777777777778
1371,0.8052032447644532
1372,0.8867677883995282
1373,0.9801035867344169
1374,0.03022092951681836
1375,0.6301262626262626
1376,0.42119471495686667
1377,0.9885714285714287
1378,0.5969735735210309
1379,0.2651896531766828
1380,0.43
1381,0.7823845825498961
1382,0.4366507713884993
1383,0.685
1384,0.5473708591142932
1385,0.08021020081344324
1386,0.749967407990569
1387,0.7726161739506479
1388,0.566285266188295
1389,0.08376300335203973
1390,0.7678040903404891
1391,0.8532506127892452
1392,0.5125497115141792
1393,0.8089569745970894
1394,0.8935607669883341
1395,0.8310164835164835
1396,0.3271035353535353
1397,0.10926746356305556
1398,0.08386517043969134
1399,0.3942250845656291
1400,0.6547906074655567
1401,0.5030147623853076
1402,0.82
1403,0.8134289560939301
1404,0.2100361811391223
1405,0.05166515184266384
1406,0.8398992051821227
1407,0.0630262832150005
1408,0.9258899333317587
1409,0.954891163005009
1410,0.3742247719141238
1411,0.18586059793831744
1412,0.355
1413,0.7892628286551061
1414,0.8648741953960848
1415,0.26243473655131955
1416,0.3505674765641658
1417,0.6216396103896104
1418,0.7378518954949831
1419,0.4525
1420,0.7869920486193324
1421,0.05766450805143036
1422,0.9347826086956522
1423,0.9262220638530342
1424,0.38240559732664997
1425,0.5552260506295689
1426,0.4561335824095526
1427,0.06504118134586803
1428,0.024292713014425003
1429,0.38708424908424915
1430,0.7510052294755927
1431,0.5263905046411118
1432,0.5573053405572757
1433,0.011941139644628016
1434,0.35058848527516867
1435,0.28007738095238094
1436,0.35757066428524614
1437,0.17423307629028958
1438,0.9858414744803252
1439,0.1450352315461242
1440,0.8113561691636982
1441,0.6262639186495437
1442,0.25
1443,0.4957142857142857
1444,0.3383777521003647
1445,0.06607398873527906
1446,0.31897698032572164
1447,0.34837104543633957
1448,0.2388311608100708
1449,0.8609682986742919
1450,0.7642952627371301
1451,0.868114447167756
1452,0.5850703483344613
1453,0.40913535753668734
1454,0.3850753757623314
1455,0.545207207070456
1456,0.7113280279223149
1457,0.8361704377610109
1458,0.3689181929181929
1459,0.5400791851919247
1460,0.5834214939109783
1461,0.42070732415134615
1462,0.8518214729319911
1463,0.8213270375175027
1464,0.8118361637438062
1465,0.9038690476190476
1466,0.40883614437061977
1467,0.899725703853602
1468,0.2302035450577998
1469,0.41627316689158794
1470,0.9718186219859375
1471,0.6615551108183317
1472,0.47561507936507935
1473,0.8205553359683796
1474,0.11242857142857142
1475,0.3267956785597914
1476,0.3117073756695961
1477,0.8630547881943216
1478,0.3395
1479,0.39069193909335614
1480,0.9790034887915711
1481,0.0511676526508763
1482,0.2621305877375719
1483,0.8082051282051281
1484,0.8995368496931629
1485,0.36500309174512613
1486,0.07175901685979269
1487,0.25996331592022914
1488,0.3991110014724905
1489,0.16626372770458844
1490,0.8369430881618382
1491,0.6149545454545454
1492,0.3761034042574517
1493,0.7111727926580471
1494,0.31182566313658955
1495,0.4939500834541994
1496,0.9650521083281263
1497,0.35391921981545815
1498,0.88947882867085
1499,0.4207757075731904
1500,0.8698148148148148
1501,0.26669820695317153
1502,0.418531939288299
1503,0.5039926383131542
1504,0.5148712121212121
1505,0.44655555555555554
1506,0.18572286471505844
1507,0.32863572500107274
1508,0.9089417310775467
1509,0.6961742482938077
1510,0.41019847636418133
1511,0.9268167271276033
1512,0.6338800449412851
1513,0.9228932768620268
1514,0.46660865482556657
1515,0.09581764198461062
1516,0.05997232818217513
1517,0.12338348509959653
1518,0.7444318682826747
1519,0.6108823529411764
1520,0.20110698535188543
1521,0.294501921377092
1522,0.8902700107491759
1523,0.24169832108272316
1524,0.03338060671715213
1525,0.9324730433368749
1526,0.023534823020933886
1527,0.4292049140151933
1528,0.6980345250145983
1529,0.9522650024208776
1530,0.5176086646546304
1531,0.48029231751011364
1532,0.5583873873873875
1533,0.6989052276085842
1534,0.3600863074721444
1535,0.9674560780834074
1536,0.611547619047619
1537,0.2864893611955093
1538,0.28087591240875914
1539,0.8263643014653579
1540,0.9821290404040403
1541,0.8947671898866834
1542,0.9033641766581872
1543,0.040832860315796166
1544,0.6781792920701829
1545,0.8881459793551676
1546,0.7720295898440465
1547,0.6923407000397971
1548,0.804082970080287
1549,0.654625
1550,0.49431530144510094
1551,0.8901379508359183
1552,0.8513686868686868
1553,0.8430217330391763
1554,0.8980607236941555
1555,0.7873417115053358
1556,0.8626430442242687
1557,0.5423803118908382
1558,0.8343749580068228
1559,0.8298038864715477
1560,0.9650771742684541
1561,0.560307239057239
1562,0.21065987933634994
1563,0.05441571905778704
1564,0.4578750897064441
1565,0.6570415584415585
1566,0.4356963891893934
1567,0.7734707084402676
1568,0.34
1569,0.975
1570,0.8920862303645661
1571,0.9789028927834831
1572,0.6178835406311902
1573,0.8520676342610384
1574,0.4908014849955387
1575,0.08830690277325168
1576,0.7111800758552035
1577,0.8256103889099787
1578,0.8857857104839342
1579,0.578817561855321
1580,0.6716509951206939
1581,0.8853950721365961
1582,0.5312721730133496
1583,0.6776296645170045
1584,0.9888934200135902
1585,0.5707486002173502
1586,0.11214263961351341
1587,0.8948514763724055
1588,0.8293920252483309
1589,0.4284883537515116
1590,0.032887653665024365
1591,0.09466264912791493
1592,0.797240943267259
1593,0.9279078339217038
1594,0.16359669687002656
1595,0.5934580711082179
1596,0.5210030269976957
1597,0.8971721311475409
1598,0.8546482384501585
1599,0.7378236471407645
1600,0.4922936987979659
1601,0.7574014509400834
1602,0.40652281087465414
1603,0.15296457250911388
1604,0.7259317666719086
1605,0.09160514756206271
1606,0.25462613096074416
1607,0.8752742324231704
1608,0.07362704569150204
1609,0.8271034674430595
1610,0.830448449241381
1611,0.888683452562763
1612,0.830717137415078
1613,0.8190254871239125
1614,0.36608538226310805
1615,0.538936162991487
1616,0.2191154492162707
1617,0.23641655442039064
1618,0.509749671867267
1619,0.9744253836475112
1620,0.9663770743723891
1621,0.5155110008915598
1622,0.6112460317460318
1623,0.6812294320058103
1624,0.9431049949205301
1625,0.7856421437824557
1626,0.3972798372838152
1627,0.031975977317096824
1628,0.4094333910349261
1629,0.3641478263064706
1630,0.05862112629989483
1631,0.6325381694083768
1632,0.3825
1633,0.8910707520635289
1634,0.4983661581780063
1635,0.4782733513390993
1636,0.17710399060311197
1637,0.8410701822245176
1638,0.7813586759018908
1639,0.30688117368584417
1640,0.7205275974025974
1641,0.2884257171033585
1642,0.756042376684519
1643,0.6210864865678696
1644,0.21805745094105436
1645,0.9531433014676831
1646,0.5792108993435042
1647,0.9308979699986176
1648,0.6968401637208913
1649,0.263448275862069
1650,0.4714795372688901
1651,0.9694736842105263
1652,0.919772381112526
1653,0.3731446167066356
1654,0.3341927394080284
1655,0.2761859689999993
1656,0.6077888289359713
1657,0.671590349431202
1658,0.9873782467532467
1659,0.28604079204736044
1660,0.8426585701484894
1661,0.1491662311004467
1662,0.0870547629959934
1663,0.25208747044917257
1664,0.7318758342717393
1665,0.4510252878979978
1666,0.3617045584045584
1667,0.8925893235507314
1668,0.387101789550883
1669,0.7919886363636364
1670,0.632
1671,0.3210101077938072
1672,0.9407735677551595
1673,0.2821376500857633
1674,0.19358406066952263
1675,0.8295835802222333
1676,0.8969546976896879
1677,0.03973227290789604
1678,0.7602216312242537
1679,0.36
1680,0.767635218661716
1681,0.7111032863849764
1682,0.34684753679835645
1683,0.9413270602507867
1684,0.6108026147666014
1685,0.8297223571194408
1686,0.3093574974747186
1687,0.872798149480467
1688,0.3948942687518493
1689,0.17316729085091154
1690,0.7270860850363302
1691,0.5520792189995739
1692,0.028442596591555586
1693,0.3756430627220255
1694,0.5137088651259054
1695,0.6117673252609515
1696,0.3013641638614276
1697,0.9337573674930332
1698,0.0719762356969667
1699,0.08466952996194867
1700,0.18240011027190886
1701,0.8314599978198222
1702,0.937200176366843
1703,0.3021819323175873
1704,0.7422606981981983
1705,0.535
1706,0.45
1707,0.6548130984063293
1708,0.02820774711166556
1709,0.6267677213586047
1710,0.436027416141806
1711,0.31817400197831797
1712,0.4097330007445709
1713,0.11054610532831138
1714,0.11320499552863816
1715,0.2103009410931346
1716,0.03502284867007786
1717,0.2406638950175922
1718,0.9668932614171873
1719,0.9274094518940867
1720,0.5033393434140185
1721,0.18305542422906346
1722,0.06033631457117886
1723,0.7171010215085342
1724,0.6048168692908774
1725,0.382459027373361
1726,0.9626666291372173
1727,0.9393017882258389
1728,0.5037122556521492
1729,0.9741198308228498
1730,0.543589119625855
1731,0.31881119283941867
1732,0.5355315880039331
1733,0.9603343915521095
1734,0.7375502194646364
1735,0.785237625337651
1736,0.984027549041149
1737,0.1853746096612544
1738,0.9197826470774402
1739,0.8792863657270195
1740,0.9512604201203946
1741,0.6858085751948072
1742,0.8464632527723651
1743,0.6228604212105305
1744,0.5442912649519792
1745,0.05885465874584331
1746,0.3737315598061388
1747,0.04165461628620062
1748,0.8546814411180591
1749,0.827754893337325
1750,0.41118216741886954
1751,0.8897393043670924
1752,0.8032622454814355
1753,0.39
1754,0.15933413385775946
1755,0.04650974325516212
1756,0.9356083891837309
1757,0.614941279082664
1758,0.06518940658735795
1759,0.5025647562423117
1760,0.8553059146685481
1761,0.9007165571462812
1762,0.9339847858343161
1763,0.335
1764,0.44006418741454595
1765,0.8377461741323868
1766,0.8993367867710937
1767,0.67
1768,0.890572101859975
1769,0.9863691705587442
1770,0.7584481065319381
1771,0.7643474384830662
1772,0.9405501242513307
1773,0.684270095275474
1774,0.5355122071574727
1775,0.2967431246087513
1776,0.9156364404825139
1777,0.05605406606770156
1778,0.669510547350406
1779,0.11902516225189366
1780,0.6224592300262071
1781,0.8681218894167864
1782,0.6437312787704651
1783,0.10157570637452838
1784,0.5750375196013716
1785,0.3831054184132898
1786,0.04163018126310468
1787,0.7583333333333333
1788,0.4506893582643467
1789,0.11656929019797198
1790,0.3084631195482345
1791,0.2765384615384615
1792,0.7252164970752868
1793,0.9181490894079839
1794,0.1814838998720578
1795,0.10862499515113294
1796,0.7873094785239536
1797,0.5034650997150998
1798,0.5817812097812098
1799,0.7600799045759384
1800,0.21835108784893267
1801,0.9941906369230676
1802,0.12277652951664746
1803,0.0359705710955711
1804,0.44196301558031015
1805,0.8058893122859097
1806,0.6448828394134685
1807,0.42667222980529673
1808,0.18375
1809,0.7983824486147685
1810,0.9283281040385165
1811,0.9469118539827811
1812,0.5432933125792192
1813,0.8727964253489621
1814,0.6190097934737767
1815,0.988831530670259
1816,0.563254602079673
1817,0.9192034066896554
1818,0.378246526411568
1819,0.5461172871110371
1820,0.32024203431372555
1821,0.432627168963526
1822,0.291251742079882
1823,0.7876720519746725
1824,0.94
1825,0.9804067450599813
1826,0.865
1827,0.47638671083508766
1828,0.963841473569154
1829,0.7046046449135612
1830,0.7979705810162533
1831,0.4738420461743391
1832,0.275988948310711
1833,0.5234761133449755
1834,0.5567111907712811
1835,0.6193134513175386
1836,0.5265092683766297
1837,0.5834163041095409
1838,0.243564919624319
1839,0.9632592592592593
1840,0.7132191012055284
1841,0.08619147361269511
1842,0.9040995129741962
1843,0.6490012533186024
1844,0.2760183474917375
1845,0.7718252081032646
1846,0.5080958544534135
1847,0.7338222634995685
1848,0.7304734258415522
1849,0.43093167834982293
1850,0.4641208791208791
1851,0.7995705128205128
1852,0.08565406732173236
1853,0.8630277410994744
1854,0.873508366369917
1855,0.7023193753479504
1856,0.5090190499104046
1857,0.26919642857142856
1858,0.16285578150886873
1859,0.22140447141480699
1860,0.9047035122838644
1861,0.8548648648648648
1862,0.16976318015483904
1863,0.8425333154211126
1864,0.91129043499414
1865,0.33372959201659325
1866,0.8917099640798736
1867,0.7307321370533024
1868,0.8780376947753161
1869,0.9267518867877194
1870,0.48431481481481486
1871,0.7824854027524792
1872,0.8609931352501533
1873,0.49328058085314075
1874,0.2148105243018055
1875,0.20554033977180347
1876,0.6994444444444444
1877,0.024091996426364802
1878,0.3736935973996306
1879,0.6856692086648982
1880,0.8042075573327491
1881,0.33
1882,0.16229347843853165
1883,0.43352385255414755
1884,0.26211758478426866
1885,0.9146480845029689
1886,0.3171869806608202
1887,0.5099782946070147
1888,0.9578465012408192
1889,0.9614105672105672
1890,0.06459318971530462
1891,0.6562436348660537
1892,0.18327619790147526
1893,0.7705000739423733
1894,0.45487087912087915
1895,0.5432435956435647
1896,0.8274406114718615
1897,0.9065397015510842
1898,0.5824348710990502
1899,0.9476132421074535
1900,0.23109596066762628
1901,0.7996666666666666
1902,0.8156319516400847
1903,0.14653044871794874
1904,0.02928852784367487
1905,0.3271762911927138
1906,0.31247859256772226
1907,0.5225
1908,0.21384191176470588
1909,0.9250076596401609
1910,0.11306018518518518
1911,0.35675562688671186
1912,0.9087920664294228
1913,0.11074983997293451
1914,0.8378092805144409
1915,0.6364704655581385
1916,0.2684030149618836
1917,0.3805255858243929
1918,0.34257403565156536
1919,0.6842568656463124
1920,0.35270832028173266
1921,0.9888148148148147
1922,0.54
1923,0.17600288834846453
1924,0.3745030049457042
1925,0.9403207613750969
1926,0.5169885280912596
1927,0.2868448772023868
1928,0.7913159084306822
1929,0.8037544710432735
1930,0.29405747156280215
1931,0.22885120360381617
1932,0.22139545058012763
1933,0.24813956300758122
1934,0.9963065438172675
1935,0.036165564469822026
1936,0.08598103448551978
1937,0.472329068526296
1938,0.9400661588832585
1939,0.5101024960053574
1940,0.5674883289190555
1941,0.9479593562342662
1942,0.9656923742541885
1943,0.6342606994326466
1944,0.19595046081408848
1945,0.24799098143924345
1946,0.2692800324675325
1947,0.5417880498436618
1948,0.7134043417361289
1949,0.22293335983910698
1950,0.20219860144690174
1951,0.9002778655328251
1952,0.15264168265366826
1953,0.9571973324790379
1954,0.4465
1955,0.6444707089771867
1956,0.31
1957,0.08401100999967785
1958,0.11210179005015063
1959,0.5706988130507038
1960,0.09494374071050901
1961,0.12584405278593885
1962,0.30501077990238007
1963,0.393332446846767
1964,0.5894752951595994
1965,0.47287123446857954
1966,0.16982592165041122
1967,0.8666023931047765
1968,0.38699700062730485
1969,0.6741129447841342
1970,0.4232841999569941
1971,0.5834800274089241
1972,0.5982468525871887
1973,0.8211283169483303
1974,0.5492895386860904
1975,0.8594918906810036
1976,0.8042329671399581
1977,0.07188013307965248
1978,0.9074516805437043
1979,0.044300489193751125
1980,0.6880663479485851
1981,0.8800133822570275
1982,0.15668346422799848
1983,0.42607750632087876
1984,0.2938710248430751
1985,0.6151375545678198
1986,0.9513542837118582
1987,0.24568354807884962
1988,0.6
1989,0.9738046463519759
1990,0.6046002756550465
1991,0.37102077351397356
1992,0.6825635342789598
1993,0.8483181404064564
1994,0.3007563429217841
1995,0.43785714285714283
1996,0.9018960000583867
1997,0.9267282994273282
1998,0.9635538224941186
1999,0.35955859199280255
2000,0.3567701033712828
2001,0.5107462686567165
2002,0.9768124865584398
2003,0.3591324968338323
2004,0.9343001139405183
2005,0.780527459123312
2006,0.45152831881024086
2007,0.103839310368397
2008,0.9666326476035617
2009,0.09352487787005825
2010,0.3408876500857633
2011,0.3648095238095238
2012,0.7709265446920784
2013,0.6811727479993985
2014,0.5028142076502732
2015,0.8928294447221974
2016,0.9213791815825604
2017,0.13657051282051283
2018,0.49016666666666675
2019,0.94
2020,0.7181363726586012
2021,0.3127351889762305
2022,0.893699051180598
2023,0.6726998999334687
2024,0.34402633086968165
2025,0.36707469757254235
2026,0.40222730142541463
2027,0.1196791026425114
2028,0.35578015575985694
2029,0.20209974530827382
2030,0.7412770694191458
2031,0.5700328014184397
2032,0.8349722523294453
2033,0.4940825324551846
2034,0.2144913648174635
2035,0.6888123705888435
2036,0.8182397959183674
2037,0.11332603018129514
2038,0.29
2039,0.5514771023373943
2040,0.5935752498476666
2041,0.4382591858617028
2042,0.57
2043,0.47663033193751475
2044,0.45607526881720434
2045,0.2903019023785178
2046,0.5368870722634793
2047,0.9558643944844688
2048,0.9830695028159505
2049,0.33105640932656527
2050,0.17324152758421654
2051,0.3605949762513707
2052,0.9841570216049382
2053,0.7915955598455597
2054,0.3241902164447415
2055,0.672590420011996
2056,0.660268472906404
2057,0.8817773704528945
2058,0.7670819004029529
2059,0.5131693855393514
2060,0.381004329004329
2061,0.3809326244487254
2062,0.9699001164556339
2063,0.7626336519266407
2064,0.24198010022712463
2065,0.28308093843828713
2066,0.395
2067,0.3684327731092437
2068,0.5372282978297632
2069,0.5935365853658536
2070,0.888409759840555
2071,0.3155872518359731
2072,0.27212606069024114
2073,0.4182133099141296
2074,0.9842897237833854
2075,0.251918536172578
2076,0.9583127726238854
2077,0.22114202796527122
2078,0.7588081398008226
2079,0.9131225479265841
2080,0.824744631154362
2081,0.97309791117732
2082,0.3920510510520866
2083,0.6336459173285482
2084,0.9651012056079042
2085,0.2663369866745995
2086,0.22129049207768958
2087,0.24990033873744583
2088,0.40033974358974356
2089,0.6246153846153846
2090,0.1636293913171152
2091,0.28141008724808914
2092,0.8138802982731557
2093,0.3113358757107722
2094,0.710108224733471
2095,0.6314445943854056
2096,0.43425470140303196
2097,0.9434829996425946
2098,0.7577346425795018
2099,0.9014690920971256
2100,0.914067328463511
2101,0.5386055133026606
2102,0.48
2103,0.5989112137012921
2104,0.3940077996715927
2105,0.8496551724137932
2106,0.14313275243893298
2107,0.747393778628392
2108,0.6943668526163751
2109,0.716348907068814
2110,0.41093057872089256
2111,0.5064698752455506
2112,0.23707337997667835
2113,0.7488677268877011
2114,0.4374308466461075
2115,0.15748811419966693
2116,0.08462652890287586
2117,0.6888687691812692
2118,0.26594362695235035
2119,0.36150828497774884
2120,0.9768089786756451
2121,0.7361214475212158
2122,0.8697160351595835
2123,0.5692148276366032
2124,0.1773579676716113
2125,0.8953433222205084
2126,0.12091294009403612
2127,0.7360970264367347
2128,0.6891605434631118
2129,0.958827174268454
2130,0.11993855348083288
2131,0.7248421451810145
2132,0.2407012962295176
2133,0.23244426406926405
2134,0.6051542494910818
2135,0.5965498725723538
2136,0.2352047005065504
2137,0.7664160401002507
2138,0.9287238400329013
2139,0.6871518011655239
2140,0.20264291539673085
2141,0.23981439393939397
2142,0.34805313243496977
2143,0.37351810284652515
2144,0.22757702882452602
2145,0.5700059813205163
2146,0.985
2147,0.8544944944944944
2148,0.4713787424522842
2149,0.3173820266437515
2150,0.5072265122265123
2151,0.24003741183732713
2152,0.28570573764767887
2153,0.35079038422699677
2154,0.7903950500153591
2155,0.6627893562858762
2156,0.028878787459043043
2157,0.23192831721015508
2158,0.5277810186385503
2159,0.6854664094858068
2160,0.9623335027611689
2161,0.97
2162,0.758244470142908
2163,0.7238647294571915
2164,0.8577644449858256
2165,0.6798621003945235
2166,0.44071844452677456
2167,0.9122561444715429
2168,0.3070090915910309
2169,0.051857300421143435
2170,0.7180225378152314
2171,0.6165665048555069
2172,0.7156022402943705
2173,0.23287114647158486
2174,0.04374438794882232
2175,0.04688856999961135
2176,0.7027186861985624
2177,0.25650200268057505
2178,0.4568349725278825
2179,0.6139954501915709
2180,0.8931156464263583
2181,0.6882493734335838
2182,0.23399999999999999
2183,0.6575983140104913
2184,0.29287424044406385
2185,0.32794246961880846
2186,0.32127741467926507
2187,0.08077834570831632
2188,0.9908538263484346
2189,0.2626861931866382
2190,0.14635583067018249
2191,0.3523634727593203
2192,0.4319363226028252
2193,0.890575338725964
2194,0.1649699796453229
2195,0.22494698126453183
2196,0.34786764705882356
2197,0.5748457375957376
2198,0.2865785061184798
2199,0.688875434121966
2200,0.8892509270674768
2201,0.6762222682977399
2202,0.8125548771805231
2203,0.257928668106423
2204,0.6175442528878211
2205,0.12816290932127347
2206,0.5821283227705754
2207,0.7111866625159046
2208,0.9528279655342768
2209,0.21562495701609397
2210,0.15643281257258324
2211,0.7744243719834801
2212,0.5928256274653679
2213,0.8190778400296516
2214,0.8983669545229875
2215,0.8635781496024224
2216,0.7655523638118281
2217,0.7916842511115292
2218,0.3455878366174463
2219,0.790184147390789
2220,0.942482019623099
2221,0.3046581658616942
2222,0.7893271862087762
2223,0.9700785660268275
2224,0.20497545774639092
2225,0.21982434676696705
2226,0.580181282509968
2227,0.7149444954799118
2228,0.41127197477280264
2229,0.05869898077615802
2230,0.6682493734335838
2231,0.6546085421742504
2232,0.03159067502748067
2233,0.9774496909717191
2234,0.19447508065928715
2235,0.0007857142857142857
2236,0.057299549903065586
2237,0.10601701482599298
2238,0.46460508541937723
2239,0.9792424949309929
2240,0.09045853618988112
2241,0.9044486652441863
2242,0.8919990916633763
2243,0.6785244773054611
2244,0.965556695821639
2245,0.7495730675601567
2246,0.4009006143430447
2247,0.20892215573097922
2248,0.558076923076923
2249,0.6891896290726959
2250,0.665843175110754
2251,0.08721842127913716
2252,0.06610034603788638
2253,0.4345379342428931
2254,0.6400621470746111
2255,0.8076406337285023
2256,0.8227825916746806
2257,0.08278456328498762
2258,0.9025093694674052
2259,0.8084643647241271
2260,0.7243718031339412
2261,0.8905383832642972
2262,0.05795442568566012
2263,0.08378729767965386
2264,0.4483237738554311
2265,0.9752174289674289
2266,0.9994736842105263
2267,0.39575000000000005
2268,0.09064085609512439
2269,0.1340935965131379
2270,0.5189453530624525
2271,0.9572710201439911
2272,0.48
2273,0.5014320796854895
2274,0.4296803482031612
2275,0.6487963603897781
2276,0.8380275888418072
2277,0.09010911418057815
2278,0.5158272269595799
2279,0.3159256991953861
2280,0.11520941047880834
2281,0.3980119151001563
2282,0.288366935483871
2283,0.1923242637588167
2284,0.3015290226171157
2285,0.29514862194877955
2286,0.49471564146080993
2287,0.20785200709648857
2288,0.9213418085377549
2289,0.9196172592815036
2290,0.7456278207754526
2291,0.9681490948620528
2292,0.42298074028190535
2293,0.9886156121613948
2294,0.8811867217992204
2295,0.6257440326020128
2296,0.055926407769949546
2297,0.40249776886455907
2298,0.586408556594913
2299,0.5372853947655927
2300,0.8532508548327246
2301,0.20430579774620877
2302,0.8888148148148147
2303,0.6353300816234089
2304,0.88
2305,0.5622146646298889
2306,0.433561066499236
2307,0.7831153846153847
2308,0.3501097354422075
2309,0.9472001763668431
2310,0.8738949834270755
2311,0.30645733385098983
2312,0.8178333333333333
2313,0.967995716795472
2314,0.9773350210147168
2315,0.23620889925549154
2316,0.6254533391544028
2317,0.01702384982471814
2318,0.5572110735009672
2319,0.9192575823350816
2320,0.35436132156407124
2321,0.8654093642504721
2322,0.6751198364411819
2323,0.3417283823056688
2324,0.9887968949771091
2325,0.1255318524778105
2326,0.4844664573248408
2327,0.8779238153972192
2328,0.9216636859471944
2329,0.18211681491888182
2330,0.47308597768592825
2331,0.33
2332,0.08932409446672811
2333,0.7583222187184896
2334,0.405
2335,0.49067296469870003
2336,0.95737703306078
2337,0.2947922638875389
2338,0.8525654688749416
2339,0.28132583140370654
2340,0.8590747957334973
2341,0.9370537800135526
2342,0.8836620463029533
2343,0.985082602607878
2344,0.5675611502989133
2345,0.8555549006379798
2346,0.48404231892142496
2347,0.5922634654742727
2348,0.21601293871374114
2349,0.4546546313776939
2350,0.08160173267250942
2351,0.9476060606060607
2352,0.3995055808298623
2353,0.35869573312466424
2354,0.23846957045417633
2355,0.21221876191154984
2356,0.28849811901940453
2357,0.8404964742750966
2358,0.39650435528840683
2359,0.9511959609633422
2360,0.5875162902375207
2361,0.9059170732331733
2362,0.4313719816959358
2363,0.6995578029826521
2364,0.122693127715835
2365,0.42770085470085467
2366,0.8237167476223849
2367,0.8655402703726159
2368,0.4719047619047618
2369,0.9333326064179722
2370,0.8601727183727416
2371,0.5561144881619019
2372,0.753703416132424
2373,0.23335187917216704
2374,0.398125
2375,0.5577884615384615
2376,0.8839747802963217
2377,0.15744774517411972
2378,0.0721192445879946
2379,0.00468593274017767
2380,0.7928766707503182
2381,0.017501034472710317
2382,0.350147486520499
2383,0.789881668290124
2384,0.2596029914875837
2385,0.21717633432859274
2386,0.8681498861387834
2387,0.8951149904773057
2388,0.33792440057256257
2389,0.9385692952395983
2390,0.6667836540568867
2391,0.8671233145844931
2392,0.3992283407411799
2393,0.978559928083854
2394,0.9973782467532467
2395,0.2019073939187651
2396,0.8137656345400088
2397,0.029327755763326118
2398,0.033210883467971526
2399,0.8047314748421378
2400,0.8167939033917909
2401,0.7047163725924395
2402,0.5057353641456582
2403,0.6803822055137845
2404,0.8357223653687761
2405,0.8455222845259766
2406,0.8844827586206897
2407,0.6118705354377806
2408,0.9750856462395286
2409,0.8993785228197783
2410,0.4876292269159916
2411,0.993684210526316
2412,0.40265736860977214
2413,0.8523462304130272
2414,0.08075481888165609
2415,0.10534417811013867
2416,0.7937685681553687
2417,0.6419422548448283
2418,0.6439797224724796
2419,0.11613282459117834
2420,0.26561593408273704
2421,0.1641394513119909
2422,0.375
2423,0.4433150262727574
2424,0.8850442897497982
2425,0.44721282374820504
2426,0.7212709762898318
2427,0.06347268188995661
2428,0.8634205235575146
2429,0.7966879422182774
2430,0.9598066666007584
2431,0.6387205916673505
2432,0.20622461132787032
2433,0.39942048902070326
2434,0.4587557943531395
2435,0.31383400574849923
2436,0.8907909273368194
2437,0.09944761095285566
2438,0.31201873546243536
2439,0.9200272768002605
2440,0.9700066980427349
2441,0.9429445946010362
2442,0.07339194275523774
2443,0.0398329810304032
2444,0.5194284304360194
2445,0.790027939250195
2446,0.5251561830903853
2447,0.9111955570242769
2448,0.16165597033816664
2449,0.4781979434713255
2450,0.19820211117440623
2451,0.3697530628237569
2452,0.16324081659817363
2453,0.062492243724568214
2454,0.7653122306973944
2455,0.018803770518846682
2456,0.09504069718786745
2457,0.6096391521935223
2458,0.1651667667470297
2459,0.20185596741861278
2460,0.9741570216049382
2461,0.5329597261900423
2462,0.8289997652769208
2463,0.994561007293438
2464,0.8896190420903065
2465,0.632247930653813
2466,0.9378382695427918
2467,0.6522813555341668
2468,0.16483165228526211
2469,0.7578336716246064
2470,0.3064007438320572
2471,0.9778613368041905
2472,0.543971559036037
2473,0.5856226087361214
2474,0.33678862751955313
2475,0.42410929056862445
2476,0.8999367088607595
2477,0.04267564841882446
2478,0.2945355105151614
2479,0.7247987384086153
2480,0.9120647023150441
2481,0.13122765171281844
2482,0.8195941893705335
2483,0.16522465572281042
2484,0.43929892003008963
2485,0.4541346862945314
2486,0.9304285939281904
2487,0.10179246153033208
2488,0.5172676991150442
2489,0.7045578029826521
2490,0.35448170731707324
2491,0.7137093959369568
2492,0.9383500000000001
2493,0.9419717232458241
2494,0.47335325212594803
2495,0.6390322061191626
2496,0.30914687771671534
2497,0.3235255258448616
2498,0.3397731078697788
2499,0.9632458466489204
2500,0.633991694785395
2501,0.4812258672699849
